"gender","yearOfBirth","phase","weak.past","strong.past","category","sensibility","partnerRegRate","partnerRegCondition","item.reg.mean","response","regular","participant"
"Female",1990,"pretest","quinked","quank","sang","sensible",0.731,"increase",0.569,"quank",FALSE,"s6108"
"Female",1990,"pretest","splinked","splank","sang","sensible",0.731,"increase",0.49,"splinked",TRUE,"s6108"
"Female",1990,"pretest","trined","trone","drove","sensible",0.731,"increase",0.614,"trined",TRUE,"s6108"
"Female",1990,"pretest","zimmed","zam","sang","sensible",0.731,"increase",0.733,"zam",FALSE,"s6108"
"Female",1990,"posttest","klited","klote","drove","sensible",0.731,"increase",0.554,"klited",TRUE,"s6108"
"Female",1990,"pretest","slived","slove","drove","sensible",0.731,"increase",0.49,"slove",FALSE,"s6108"
"Female",1990,"pretest","frimmed","fram","sang","sensible",0.731,"increase",0.708,"frimmed",TRUE,"s6108"
"Female",1990,"pretest","splived","splove","drove","sensible",0.731,"increase",0.421,"splived",TRUE,"s6108"
"Female",1990,"pretest","hurned","hurnt","burnt","sensible",0.731,"increase",0.713,"hurned",TRUE,"s6108"
"Female",1990,"posttest","shreeped","shrept","kept","sensible",0.731,"increase",0.46,"shreeped",TRUE,"s6108"
"Female",1990,"posttest","threlled","threlt","burnt","sensible",0.731,"increase",0.653,"threlled",TRUE,"s6108"
"Female",1990,"pretest","stelled","stelt","burnt","sensible",0.731,"increase",0.644,"stelled",TRUE,"s6108"
"Female",1990,"posttest","brived","brove","drove","sensible",0.731,"increase",0.391,"brove",FALSE,"s6108"
"Female",1990,"pretest","glinged","glang","sang","sensible",0.731,"increase",0.584,"glang",FALSE,"s6108"
"Female",1990,"pretest","jinked","jank","sang","sensible",0.731,"increase",0.614,"jank",FALSE,"s6108"
"Female",1990,"pretest","dwinked","dwank","sang","sensible",0.731,"increase",0.431,"dwank",FALSE,"s6108"
"Female",1990,"pretest","blided","blode","drove","sensible",0.731,"increase",0.515,"blode",FALSE,"s6108"
"Female",1990,"posttest","schmined","schmone","drove","sensible",0.731,"increase",0.703,"schmined",TRUE,"s6108"
"Female",1990,"posttest","sninked","snank","sang","sensible",0.731,"increase",0.421,"snank",FALSE,"s6108"
"Female",1990,"posttest","skrilled","skrilt","burnt","sensible",0.731,"increase",0.733,"skrilled",TRUE,"s6108"
"Female",1990,"posttest","squided","squode","drove","sensible",0.731,"increase",0.406,"squode",FALSE,"s6108"
"Female",1990,"pretest","minged","mang","sang","sensible",0.731,"increase",0.639,"mang",FALSE,"s6108"
"Female",1990,"posttest","vurned","vurnt","burnt","sensible",0.731,"increase",0.668,"vurned",TRUE,"s6108"
"Female",1990,"pretest","vrited","vrote","drove","sensible",0.731,"increase",0.366,"vrited",TRUE,"s6108"
"Female",1990,"pretest","trelled","trelt","burnt","sensible",0.731,"increase",0.678,"trelled",TRUE,"s6108"
"Female",1990,"pretest","sneened","snent","kept","sensible",0.731,"increase",0.698,"snent",FALSE,"s6108"
"Female",1990,"posttest","jeemed","jemt","kept","sensible",0.731,"increase",0.723,"jeemed",TRUE,"s6108"
"Female",1990,"pretest","shringed","shrang","sang","sensible",0.731,"increase",0.46,"shringed",TRUE,"s6108"
"Female",1990,"pretest","twelled","twelt","burnt","sensible",0.731,"increase",0.559,"twelled",TRUE,"s6108"
"Female",1990,"pretest","drurned","drurnt","burnt","sensible",0.731,"increase",0.748,"drurned",TRUE,"s6108"
"Female",1990,"posttest","breeped","brept","kept","sensible",0.731,"increase",0.55,"breeped",TRUE,"s6108"
"Female",1990,"posttest","theeped","thept","kept","sensible",0.731,"increase",0.416,"theeped",TRUE,"s6108"
"Female",1990,"posttest","skinged","skang","sang","sensible",0.731,"increase",0.52,"skang",FALSE,"s6108"
"Female",1990,"pretest","strilled","strilt","burnt","sensible",0.731,"increase",0.772,"strilled",TRUE,"s6108"
"Female",1990,"posttest","splided","splode","drove","sensible",0.731,"increase",0.475,"splided",TRUE,"s6108"
"Female",1990,"pretest","streeled","strelt","kept","sensible",0.731,"increase",0.51,"strelt",FALSE,"s6108"
"Female",1990,"posttest","strited","strote","drove","sensible",0.731,"increase",0.426,"strote",FALSE,"s6108"
"Female",1990,"pretest","feemed","femt","kept","sensible",0.731,"increase",0.673,"femt",FALSE,"s6108"
"Female",1990,"pretest","thurned","thurnt","burnt","sensible",0.731,"increase",0.693,"thurned",TRUE,"s6108"
"Female",1990,"posttest","kreened","krent","kept","sensible",0.731,"increase",0.683,"kreened",TRUE,"s6108"
"Female",1990,"pretest","quided","quode","drove","sensible",0.731,"increase",0.47,"quode",FALSE,"s6108"
"Female",1990,"posttest","slined","slone","drove","sensible",0.731,"increase",0.614,"slined",TRUE,"s6108"
"Female",1990,"pretest","cheeled","chelt","kept","sensible",0.731,"increase",0.545,"chelt",FALSE,"s6108"
"Female",1990,"posttest","glinked","glank","sang","sensible",0.731,"increase",0.609,"glinked",TRUE,"s6108"
"Female",1990,"pretest","lelled","lelt","burnt","sensible",0.731,"increase",0.668,"lelled",TRUE,"s6108"
"Female",1990,"posttest","klilled","klilt","burnt","sensible",0.731,"increase",0.693,"klilled",TRUE,"s6108"
"Female",1990,"posttest","pleeled","plelt","kept","sensible",0.731,"increase",0.574,"pleeled",TRUE,"s6108"
"Female",1990,"posttest","chited","chote","drove","sensible",0.731,"increase",0.579,"chited",TRUE,"s6108"
"Female",1990,"pretest","yided","yode","drove","sensible",0.731,"increase",0.401,"yided",TRUE,"s6108"
"Female",1990,"posttest","brurned","brurnt","burnt","sensible",0.731,"increase",0.554,"brurned",TRUE,"s6108"
"Female",1990,"pretest","dreened","drent","kept","sensible",0.731,"increase",0.634,"dreened",TRUE,"s6108"
"Female",1990,"pretest","sninged","snang","sang","sensible",0.731,"increase",0.455,"snang",FALSE,"s6108"
"Female",1990,"pretest","schmeemed","schmemt","kept","sensible",0.731,"increase",0.649,"schmeemed",TRUE,"s6108"
"Female",1990,"pretest","twimmed","twam","sang","sensible",0.731,"increase",0.54,"twam",FALSE,"s6108"
"Female",1990,"pretest","thringed","thrang","sang","sensible",0.731,"increase",0.411,"thrang",FALSE,"s6108"
"Female",1990,"pretest","sneeped","snept","kept","sensible",0.731,"increase",0.431,"snept",FALSE,"s6108"
"Female",1990,"pretest","sprelled","sprelt","burnt","sensible",0.731,"increase",0.629,"sprelled",TRUE,"s6108"
"Female",1990,"posttest","skeened","skent","kept","sensible",0.731,"increase",0.688,"skeened",TRUE,"s6108"
"Female",1990,"pretest","strined","strone","drove","sensible",0.731,"increase",0.559,"strined",TRUE,"s6108"
"Female",1990,"pretest","cheened","chent","kept","sensible",0.731,"increase",0.743,"cheened",TRUE,"s6108"
"Female",1990,"posttest","vrilled","vrilt","burnt","sensible",0.731,"increase",0.772,"vrilled",TRUE,"s6108"
"Female",1990,"pretest","greeled","grelt","kept","sensible",0.731,"increase",0.562,"grelt",FALSE,"s6108"
"Female",1990,"pretest","smilled","smilt","burnt","sensible",0.731,"increase",0.668,"smilled",TRUE,"s6108"
"Female",1990,"posttest","squeened","squent","kept","sensible",0.731,"increase",0.629,"squeened",TRUE,"s6108"
"Female",1990,"posttest","smimmed","smam","sang","sensible",0.731,"increase",0.579,"smimmed",TRUE,"s6108"
"Female",1990,"posttest","swided","swode","drove","sensible",0.731,"increase",0.356,"swode",FALSE,"s6108"
"Female",1990,"pretest","geeved","gove","drove","sensible",0.731,"increase",0.599,"gove",FALSE,"s6108"
"Female",1990,"posttest","ninked","nank","sang","sensible",0.731,"increase",0.647,"ninked",TRUE,"s6108"
"Female",1990,"posttest","pited","pote","drove","sensible",0.731,"increase",0.629,"pited",TRUE,"s6108"
"Female",1990,"pretest","yilled","yilt","burnt","sensible",0.731,"increase",0.718,"yilled",TRUE,"s6108"
"Female",1990,"pretest","zeeped","zept","kept","sensible",0.731,"increase",0.441,"zept",FALSE,"s6108"
"Female",1990,"pretest","thrided","throde","drove","sensible",0.731,"increase",0.376,"thrided",TRUE,"s6108"
"Female",1990,"pretest","geemed","gemt","kept","sensible",0.731,"increase",0.693,"gemt",FALSE,"s6108"
"Female",1990,"posttest","kleemed","klemt","kept","sensible",0.731,"increase",0.653,"kleemed",TRUE,"s6108"
"Female",1990,"pretest","plined","plone","drove","sensible",0.731,"increase",0.713,"plone",FALSE,"s6108"
"Female",1990,"posttest","thrimmed","thram","sang","sensible",0.731,"increase",0.683,"thrimmed",TRUE,"s6108"
"Female",1990,"posttest","slurned","slurnt","burnt","sensible",0.731,"increase",0.698,"slurned",TRUE,"s6108"
"Female",1990,"pretest","splurned","splurnt","burnt","sensible",0.731,"increase",0.703,"splurned",TRUE,"s6108"
"Female",1990,"pretest","zeemed","zemt","kept","sensible",0.731,"increase",0.663,"zeemed",TRUE,"s6108"
"Female",1990,"pretest","schmited","schmote","drove","sensible",0.731,"increase",0.45,"schmote",FALSE,"s6108"
"Female",1990,"posttest","gurned","gurnt","burnt","sensible",0.731,"increase",0.708,"gurned",TRUE,"s6108"
"Female",1990,"posttest","spinged","spang","sang","sensible",0.731,"increase",0.401,"spang",FALSE,"s6108"
"Female",1990,"posttest","trinked","trank","sang","sensible",0.731,"increase",0.49,"trank",FALSE,"s6108"
"Female",1990,"posttest","swurned","swurnt","burnt","sensible",0.731,"increase",0.723,"swurned",TRUE,"s6108"
"Female",1990,"posttest","pringed","prang","sang","sensible",0.731,"increase",0.465,"prang",FALSE,"s6108"
"Female",1990,"pretest","sweeled","swelt","kept","sensible",0.731,"increase",0.475,"swelt",FALSE,"s6108"
"Female",1990,"posttest","strimmed","stram","sang","sensible",0.731,"increase",0.619,"strimmed",TRUE,"s6108"
"Female",1990,"pretest","rurned","rurnt","burnt","sensible",0.731,"increase",0.731,"rurned",TRUE,"s6108"
"Female",1990,"pretest","gringed","grang","sang","sensible",0.731,"increase",0.515,"grang",FALSE,"s6108"
"Female",1990,"posttest","theeled","thelt","kept","sensible",0.731,"increase",0.495,"theeled",TRUE,"s6108"
"Female",1990,"pretest","jined","jone","drove","sensible",0.731,"increase",0.658,"jined",TRUE,"s6108"
"Female",1990,"posttest","glilled","glilt","burnt","sensible",0.731,"increase",0.673,"glilled",TRUE,"s6108"
"Female",1990,"posttest","dwimmed","dwam","sang","sensible",0.731,"increase",0.515,"dwam",FALSE,"s6108"
"Female",1990,"posttest","squeeped","squept","kept","sensible",0.731,"increase",0.52,"squeeped",TRUE,"s6108"
"Female",1990,"posttest","neemed","nemt","kept","sensible",0.731,"increase",0.658,"neemed",TRUE,"s6108"
"Female",1990,"posttest","twited","twote","drove","sensible",0.731,"increase",0.446,"twited",TRUE,"s6108"
"Female",1990,"posttest","prurned","prurnt","burnt","sensible",0.731,"increase",0.688,"prurned",TRUE,"s6108"
"Female",1990,"posttest","chimmed","cham","sang","sensible",0.731,"increase",0.743,"chimmed",TRUE,"s6108"
"Female",1990,"posttest","zited","zote","drove","sensible",0.731,"increase",0.54,"zited",TRUE,"s6108"
"Female",1990,"posttest","blurned","blurnt","burnt","sensible",0.731,"increase",0.639,"blurned",TRUE,"s6108"
"Female",1990,"posttest","squited","squote","drove","sensible",0.731,"increase",0.505,"squited",TRUE,"s6108"
"Female",1990,"posttest","sneemed","snemt","kept","sensible",0.731,"increase",0.713,"sneemed",TRUE,"s6108"
"Female",1990,"posttest","shinged","shang","sang","sensible",0.731,"increase",0.45,"shang",FALSE,"s6108"
"Female",1990,"posttest","jurned","jurnt","burnt","sensible",0.731,"increase",0.718,"jurned",TRUE,"s6108"
"Male",1985,"pretest","ninked","nank","sang","sensible",0.269,"decrease",0.647,"ninked",TRUE,"s6111"
"Male",1985,"pretest","smimmed","smam","sang","sensible",0.269,"decrease",0.579,"smam",FALSE,"s6111"
"Male",1985,"pretest","glilled","glilt","burnt","sensible",0.269,"decrease",0.673,"glilt",FALSE,"s6111"
"Male",1985,"pretest","pleeled","plelt","kept","sensible",0.269,"decrease",0.574,"pleeled",TRUE,"s6111"
"Male",1985,"pretest","dwimmed","dwam","sang","sensible",0.269,"decrease",0.515,"dwam",FALSE,"s6111"
"Male",1985,"pretest","pringed","prang","sang","sensible",0.269,"decrease",0.465,"prang",FALSE,"s6111"
"Male",1985,"pretest","klilled","klilt","burnt","sensible",0.269,"decrease",0.693,"klilled",TRUE,"s6111"
"Male",1985,"pretest","gurned","gurnt","burnt","sensible",0.269,"decrease",0.708,"gurnt",FALSE,"s6111"
"Male",1985,"pretest","pited","pote","drove","sensible",0.269,"decrease",0.629,"pited",TRUE,"s6111"
"Male",1985,"pretest","splided","splode","drove","sensible",0.269,"decrease",0.475,"splided",TRUE,"s6111"
"Male",1985,"pretest","skrilled","skrilt","burnt","sensible",0.269,"decrease",0.733,"skrilt",FALSE,"s6111"
"Male",1985,"pretest","theeped","thept","kept","sensible",0.269,"decrease",0.416,"thept",FALSE,"s6111"
"Male",1985,"pretest","vurned","vurnt","burnt","sensible",0.269,"decrease",0.668,"vurned",TRUE,"s6111"
"Male",1985,"pretest","squided","squode","drove","sensible",0.269,"decrease",0.406,"squode",FALSE,"s6111"
"Male",1985,"pretest","chimmed","cham","sang","sensible",0.269,"decrease",0.743,"chimmed",TRUE,"s6111"
"Male",1985,"pretest","squited","squote","drove","sensible",0.269,"decrease",0.505,"squote",FALSE,"s6111"
"Male",1985,"pretest","neemed","nemt","kept","sensible",0.269,"decrease",0.658,"nemt",FALSE,"s6111"
"Male",1985,"pretest","spinged","spang","sang","sensible",0.269,"decrease",0.401,"spang",FALSE,"s6111"
"Male",1985,"pretest","brived","brove","drove","sensible",0.269,"decrease",0.391,"brove",FALSE,"s6111"
"Male",1985,"pretest","sninked","snank","sang","sensible",0.269,"decrease",0.421,"snank",FALSE,"s6111"
"Male",1985,"pretest","jurned","jurnt","burnt","sensible",0.269,"decrease",0.718,"jurned",TRUE,"s6111"
"Male",1985,"pretest","squeeped","squept","kept","sensible",0.269,"decrease",0.52,"squeeped",TRUE,"s6111"
"Male",1985,"pretest","breeped","brept","kept","sensible",0.269,"decrease",0.55,"brept",FALSE,"s6111"
"Male",1985,"pretest","swided","swode","drove","sensible",0.269,"decrease",0.356,"swided",TRUE,"s6111"
"Male",1985,"pretest","kreened","krent","kept","sensible",0.269,"decrease",0.683,"kreened",TRUE,"s6111"
"Male",1985,"pretest","theeled","thelt","kept","sensible",0.269,"decrease",0.495,"thelt",FALSE,"s6111"
"Male",1985,"pretest","strimmed","stram","sang","sensible",0.269,"decrease",0.619,"stram",FALSE,"s6111"
"Male",1985,"pretest","glinked","glank","sang","sensible",0.269,"decrease",0.609,"glinked",TRUE,"s6111"
"Male",1985,"pretest","blurned","blurnt","burnt","sensible",0.269,"decrease",0.639,"blurned",TRUE,"s6111"
"Male",1985,"pretest","swurned","swurnt","burnt","sensible",0.269,"decrease",0.723,"swurned",TRUE,"s6111"
"Male",1985,"posttest","dwided","dwode","drove","sensible",0.269,"decrease",0.416,"dwode",FALSE,"s6111"
"Male",1985,"pretest","twited","twote","drove","sensible",0.269,"decrease",0.446,"twited",TRUE,"s6111"
"Male",1985,"pretest","skeened","skent","kept","sensible",0.269,"decrease",0.688,"skent",FALSE,"s6111"
"Male",1985,"pretest","chited","chote","drove","sensible",0.269,"decrease",0.579,"chited",TRUE,"s6111"
"Male",1985,"pretest","trinked","trank","sang","sensible",0.269,"decrease",0.49,"trinked",TRUE,"s6111"
"Male",1985,"pretest","squeened","squent","kept","sensible",0.269,"decrease",0.629,"squent",FALSE,"s6111"
"Male",1985,"posttest","twinked","twank","sang","sensible",0.269,"decrease",0.594,"twank",FALSE,"s6111"
"Male",1985,"posttest","drelled","drelt","burnt","sensible",0.269,"decrease",0.653,"drelt",FALSE,"s6111"
"Male",1985,"pretest","skinged","skang","sang","sensible",0.269,"decrease",0.52,"skang",FALSE,"s6111"
"Male",1985,"pretest","shreeped","shrept","kept","sensible",0.269,"decrease",0.46,"shrept",FALSE,"s6111"
"Male",1985,"posttest","strinked","strank","sang","sensible",0.269,"decrease",0.416,"strank",FALSE,"s6111"
"Male",1985,"pretest","zited","zote","drove","sensible",0.269,"decrease",0.54,"zote",FALSE,"s6111"
"Male",1985,"posttest","schmimmed","schmam","sang","sensible",0.269,"decrease",0.634,"schmimmed",TRUE,"s6111"
"Male",1985,"pretest","klited","klote","drove","sensible",0.269,"decrease",0.554,"klote",FALSE,"s6111"
"Male",1985,"posttest","glined","glone","drove","sensible",0.269,"decrease",0.619,"glined",TRUE,"s6111"
"Male",1985,"posttest","dreeped","drept","kept","sensible",0.269,"decrease",0.441,"drept",FALSE,"s6111"
"Male",1985,"posttest","klided","klode","drove","sensible",0.269,"decrease",0.495,"klode",FALSE,"s6111"
"Male",1985,"posttest","preemed","premt","kept","sensible",0.269,"decrease",0.678,"preemed",TRUE,"s6111"
"Male",1985,"posttest","neened","nent","kept","sensible",0.269,"decrease",0.663,"nent",FALSE,"s6111"
"Male",1985,"pretest","slurned","slurnt","burnt","sensible",0.269,"decrease",0.698,"slurned",TRUE,"s6111"
"Male",1985,"pretest","shinged","shang","sang","sensible",0.269,"decrease",0.45,"shang",FALSE,"s6111"
"Male",1985,"posttest","quinged","quang","sang","sensible",0.269,"decrease",0.53,"quang",FALSE,"s6111"
"Male",1985,"pretest","kleemed","klemt","kept","sensible",0.269,"decrease",0.653,"klemt",FALSE,"s6111"
"Male",1985,"posttest","beeved","bove","drove","sensible",0.269,"decrease",0.574,"bove",FALSE,"s6111"
"Male",1985,"pretest","brurned","brurnt","burnt","sensible",0.269,"decrease",0.554,"brurnt",FALSE,"s6111"
"Male",1985,"posttest","dweeped","dwept","kept","sensible",0.269,"decrease",0.426,"dwept",FALSE,"s6111"
"Male",1985,"pretest","threlled","threlt","burnt","sensible",0.269,"decrease",0.653,"threlt",FALSE,"s6111"
"Male",1985,"posttest","skrinked","skrank","sang","sensible",0.269,"decrease",0.45,"skrank",FALSE,"s6111"
"Male",1985,"pretest","strited","strote","drove","sensible",0.269,"decrease",0.426,"strote",FALSE,"s6111"
"Male",1985,"posttest","snined","snone","drove","sensible",0.269,"decrease",0.644,"snone",FALSE,"s6111"
"Male",1985,"pretest","schmined","schmone","drove","sensible",0.269,"decrease",0.703,"schmined",TRUE,"s6111"
"Male",1985,"posttest","streened","strent","kept","sensible",0.269,"decrease",0.718,"strent",FALSE,"s6111"
"Male",1985,"pretest","jeemed","jemt","kept","sensible",0.269,"decrease",0.723,"jeemed",TRUE,"s6111"
"Male",1985,"posttest","vrinked","vrank","sang","sensible",0.269,"decrease",0.515,"vrank",FALSE,"s6111"
"Male",1985,"pretest","slined","slone","drove","sensible",0.269,"decrease",0.614,"slone",FALSE,"s6111"
"Male",1985,"posttest","squined","squone","drove","sensible",0.269,"decrease",0.678,"squined",TRUE,"s6111"
"Male",1985,"pretest","prurned","prurnt","burnt","sensible",0.269,"decrease",0.688,"prurnt",FALSE,"s6111"
"Male",1985,"pretest","thrimmed","thram","sang","sensible",0.269,"decrease",0.683,"thrimmed",TRUE,"s6111"
"Male",1985,"posttest","fleeled","flelt","kept","sensible",0.269,"decrease",0.525,"flelt",FALSE,"s6111"
"Male",1985,"pretest","vrilled","vrilt","burnt","sensible",0.269,"decrease",0.772,"vrilled",TRUE,"s6111"
"Male",1985,"pretest","sneemed","snemt","kept","sensible",0.269,"decrease",0.713,"sneemed",TRUE,"s6111"
"Male",1985,"posttest","surned","surnt","burnt","sensible",0.269,"decrease",0.698,"surned",TRUE,"s6111"
"Male",1985,"posttest","shreened","shrent","kept","sensible",0.269,"decrease",0.693,"shrent",FALSE,"s6111"
"Male",1985,"posttest","skrurned","skrurnt","burnt","sensible",0.269,"decrease",0.668,"skrurnt",FALSE,"s6111"
"Male",1985,"posttest","vinked","vank","sang","sensible",0.269,"decrease",0.624,"vinked",TRUE,"s6111"
"Male",1985,"posttest","trurned","trurnt","burnt","sensible",0.269,"decrease",0.718,"trurnt",FALSE,"s6111"
"Male",1985,"posttest","dwinged","dwang","sang","sensible",0.269,"decrease",0.485,"dwang",FALSE,"s6111"
"Male",1985,"posttest","fimmed","fam","sang","sensible",0.269,"decrease",0.772,"fam",FALSE,"s6111"
"Male",1985,"posttest","prilled","prilt","burnt","sensible",0.269,"decrease",0.713,"prilled",TRUE,"s6111"
"Male",1985,"posttest","cheemed","chemt","kept","sensible",0.269,"decrease",0.733,"cheemed",TRUE,"s6111"
"Male",1985,"posttest","skelled","skelt","burnt","sensible",0.269,"decrease",0.584,"skelt",FALSE,"s6111"
"Male",1985,"posttest","slilled","slilt","burnt","sensible",0.269,"decrease",0.693,"slilt",FALSE,"s6111"
"Male",1985,"posttest","skeeped","skept","kept","sensible",0.269,"decrease",0.485,"skept",FALSE,"s6111"
"Male",1985,"posttest","dwilled","dwilt","burnt","sensible",0.269,"decrease",0.673,"dwilt",FALSE,"s6111"
"Male",1985,"posttest","sminked","smank","sang","sensible",0.269,"decrease",0.579,"sminked",TRUE,"s6111"
"Male",1985,"posttest","sprurned","sprurnt","burnt","sensible",0.269,"decrease",0.688,"sprurned",TRUE,"s6111"
"Male",1985,"posttest","sleeled","slelt","kept","sensible",0.269,"decrease",0.55,"slelt",FALSE,"s6111"
"Male",1985,"posttest","thided","thode","drove","sensible",0.269,"decrease",0.436,"thided",TRUE,"s6111"
"Male",1985,"posttest","gimmed","gam","sang","sensible",0.269,"decrease",0.728,"gimmed",TRUE,"s6111"
"Male",1985,"posttest","fided","fode","drove","sensible",0.269,"decrease",0.485,"fode",FALSE,"s6111"
"Male",1985,"posttest","zelled","zelt","burnt","sensible",0.269,"decrease",0.639,"zelt",FALSE,"s6111"
"Male",1985,"posttest","grinked","grank","sang","sensible",0.269,"decrease",0.47,"grank",FALSE,"s6111"
"Male",1985,"posttest","shrided","shrode","drove","sensible",0.269,"decrease",0.376,"shrode",FALSE,"s6111"
"Male",1985,"posttest","kleeled","klelt","kept","sensible",0.269,"decrease",0.554,"klelt",FALSE,"s6111"
"Male",1985,"posttest","spreemed","spremt","kept","sensible",0.269,"decrease",0.639,"spremt",FALSE,"s6111"
"Male",1985,"posttest","swited","swote","drove","sensible",0.269,"decrease",0.46,"swote",FALSE,"s6111"
"Male",1985,"posttest","snited","snote","drove","sensible",0.269,"decrease",0.53,"snote",FALSE,"s6111"
"Male",1985,"posttest","murned","murnt","burnt","sensible",0.269,"decrease",0.723,"murned",TRUE,"s6111"
"Male",1985,"posttest","skrined","skrone","drove","sensible",0.269,"decrease",0.599,"skrined",TRUE,"s6111"
"Male",1985,"posttest","greemed","gremt","kept","sensible",0.269,"decrease",0.629,"greemed",TRUE,"s6111"
"Male",1985,"posttest","snurned","snurnt","burnt","sensible",0.269,"decrease",0.757,"snurnt",FALSE,"s6111"
"Male",1985,"posttest","sprided","sprode","drove","sensible",0.269,"decrease",0.347,"sprided",TRUE,"s6111"
"Male",1985,"posttest","splinged","splang","sang","sensible",0.269,"decrease",0.401,"splang",FALSE,"s6111"
"Male",1985,"posttest","skurned","skurnt","burnt","sensible",0.269,"decrease",0.733,"skurnt",FALSE,"s6111"
"Male",1975,"pretest","shrided","shrode","drove","random",0.731,"increase",0.376,"shrode",FALSE,"s6165"
"Male",1975,"pretest","grinked","grank","sang","random",0.731,"increase",0.47,"grank",FALSE,"s6165"
"Male",1975,"pretest","preemed","premt","kept","random",0.731,"increase",0.678,"preemed",TRUE,"s6165"
"Male",1975,"pretest","trurned","trurnt","burnt","random",0.731,"increase",0.718,"trurned",TRUE,"s6165"
"Male",1975,"pretest","glined","glone","drove","random",0.731,"increase",0.619,"glined",TRUE,"s6165"
"Male",1975,"pretest","sleeled","slelt","kept","random",0.731,"increase",0.55,"slelt",FALSE,"s6165"
"Male",1975,"pretest","sminked","smank","sang","random",0.731,"increase",0.579,"sminked",TRUE,"s6165"
"Male",1975,"pretest","splinged","splang","sang","random",0.731,"increase",0.401,"splang",FALSE,"s6165"
"Male",1975,"pretest","skrurned","skrurnt","burnt","random",0.731,"increase",0.668,"skrurned",TRUE,"s6165"
"Male",1975,"pretest","strinked","strank","sang","random",0.731,"increase",0.416,"strank",FALSE,"s6165"
"Male",1975,"pretest","fleeled","flelt","kept","random",0.731,"increase",0.525,"flelt",FALSE,"s6165"
"Male",1975,"pretest","klided","klode","drove","random",0.731,"increase",0.495,"klode",FALSE,"s6165"
"Male",1975,"pretest","dwinged","dwang","sang","random",0.731,"increase",0.485,"dwang",FALSE,"s6165"
"Male",1975,"pretest","dwided","dwode","drove","random",0.731,"increase",0.416,"dwode",FALSE,"s6165"
"Male",1975,"pretest","twinked","twank","sang","random",0.731,"increase",0.594,"twank",FALSE,"s6165"
"Male",1975,"pretest","gimmed","gam","sang","random",0.731,"increase",0.728,"gam",FALSE,"s6165"
"Male",1975,"pretest","skurned","skurnt","burnt","random",0.731,"increase",0.733,"skurnt",FALSE,"s6165"
"Male",1975,"pretest","cheemed","chemt","kept","random",0.731,"increase",0.733,"cheemed",TRUE,"s6165"
"Male",1975,"pretest","spreemed","spremt","kept","random",0.731,"increase",0.639,"spreemed",TRUE,"s6165"
"Male",1975,"pretest","squined","squone","drove","random",0.731,"increase",0.678,"squone",FALSE,"s6165"
"Male",1975,"pretest","thided","thode","drove","random",0.731,"increase",0.436,"thode",FALSE,"s6165"
"Male",1975,"pretest","skeeped","skept","kept","random",0.731,"increase",0.485,"skept",FALSE,"s6165"
"Male",1975,"pretest","murned","murnt","burnt","random",0.731,"increase",0.723,"murned",TRUE,"s6165"
"Male",1975,"pretest","shreened","shrent","kept","random",0.731,"increase",0.693,"shreened",TRUE,"s6165"
"Male",1975,"pretest","zelled","zelt","burnt","random",0.731,"increase",0.639,"zelt",FALSE,"s6165"
"Male",1975,"pretest","snined","snone","drove","random",0.731,"increase",0.644,"snone",FALSE,"s6165"
"Male",1975,"pretest","skrinked","skrank","sang","random",0.731,"increase",0.45,"skrank",FALSE,"s6165"
"Male",1975,"pretest","surned","surnt","burnt","random",0.731,"increase",0.698,"surned",TRUE,"s6165"
"Male",1975,"pretest","schmimmed","schmam","sang","random",0.731,"increase",0.634,"schmimmed",TRUE,"s6165"
"Male",1975,"pretest","slilled","slilt","burnt","random",0.731,"increase",0.693,"slilled",TRUE,"s6165"
"Male",1975,"pretest","prilled","prilt","burnt","random",0.731,"increase",0.713,"prilled",TRUE,"s6165"
"Male",1975,"pretest","drelled","drelt","burnt","random",0.731,"increase",0.653,"drelled",TRUE,"s6165"
"Male",1975,"pretest","skrined","skrone","drove","random",0.731,"increase",0.599,"skrone",FALSE,"s6165"
"Male",1975,"pretest","neened","nent","kept","random",0.731,"increase",0.663,"neened",TRUE,"s6165"
"Male",1975,"pretest","snited","snote","drove","random",0.731,"increase",0.53,"snote",FALSE,"s6165"
"Male",1975,"pretest","kleeled","klelt","kept","random",0.731,"increase",0.554,"kleeled",TRUE,"s6165"
"Male",1975,"pretest","swited","swote","drove","random",0.731,"increase",0.46,"swited",TRUE,"s6165"
"Male",1975,"pretest","snurned","snurnt","burnt","random",0.731,"increase",0.757,"snurned",TRUE,"s6165"
"Male",1975,"pretest","vinked","vank","sang","random",0.731,"increase",0.624,"vank",FALSE,"s6165"
"Male",1975,"pretest","fided","fode","drove","random",0.731,"increase",0.485,"fode",FALSE,"s6165"
"Male",1975,"pretest","skelled","skelt","burnt","random",0.731,"increase",0.584,"skelled",TRUE,"s6165"
"Male",1975,"pretest","sprided","sprode","drove","random",0.731,"increase",0.347,"sprode",FALSE,"s6165"
"Male",1975,"pretest","dreeped","drept","kept","random",0.731,"increase",0.441,"drept",FALSE,"s6165"
"Male",1975,"pretest","vrinked","vrank","sang","random",0.731,"increase",0.515,"vrinked",TRUE,"s6165"
"Male",1975,"pretest","sprurned","sprurnt","burnt","random",0.731,"increase",0.688,"sprurned",TRUE,"s6165"
"Male",1975,"pretest","dweeped","dwept","kept","random",0.731,"increase",0.426,"dweeped",TRUE,"s6165"
"Male",1975,"pretest","dwilled","dwilt","burnt","random",0.731,"increase",0.673,"dwilled",TRUE,"s6165"
"Male",1975,"pretest","quinged","quang","sang","random",0.731,"increase",0.53,"quang",FALSE,"s6165"
"Male",1975,"pretest","greemed","gremt","kept","random",0.731,"increase",0.629,"greemed",TRUE,"s6165"
"Male",1975,"pretest","beeved","bove","drove","random",0.731,"increase",0.574,"beeved",TRUE,"s6165"
"Male",1975,"pretest","fimmed","fam","sang","random",0.731,"increase",0.772,"fimmed",TRUE,"s6165"
"Male",1975,"pretest","streened","strent","kept","random",0.731,"increase",0.718,"streened",TRUE,"s6165"
"Male",1975,"posttest","squided","squode","drove","random",0.731,"increase",0.406,"squode",FALSE,"s6165"
"Male",1975,"posttest","spinged","spang","sang","random",0.731,"increase",0.401,"spang",FALSE,"s6165"
"Male",1975,"posttest","jeemed","jemt","kept","random",0.731,"increase",0.723,"jeemed",TRUE,"s6165"
"Male",1975,"posttest","twited","twote","drove","random",0.731,"increase",0.446,"twited",TRUE,"s6165"
"Male",1975,"posttest","skeened","skent","kept","random",0.731,"increase",0.688,"skeened",TRUE,"s6165"
"Male",1975,"posttest","blurned","blurnt","burnt","random",0.731,"increase",0.639,"blurned",TRUE,"s6165"
"Male",1975,"posttest","slined","slone","drove","random",0.731,"increase",0.614,"slone",FALSE,"s6165"
"Male",1975,"posttest","swided","swode","drove","random",0.731,"increase",0.356,"swode",FALSE,"s6165"
"Male",1975,"posttest","strimmed","stram","sang","random",0.731,"increase",0.619,"strimmed",TRUE,"s6165"
"Male",1975,"posttest","slurned","slurnt","burnt","random",0.731,"increase",0.698,"slurned",TRUE,"s6165"
"Male",1975,"posttest","sneemed","snemt","kept","random",0.731,"increase",0.713,"sneemed",TRUE,"s6165"
"Male",1975,"posttest","klited","klote","drove","random",0.731,"increase",0.554,"klote",FALSE,"s6165"
"Male",1975,"posttest","trinked","trank","sang","random",0.731,"increase",0.49,"trinked",TRUE,"s6165"
"Male",1975,"posttest","dwimmed","dwam","sang","random",0.731,"increase",0.515,"dwam",FALSE,"s6165"
"Male",1975,"posttest","theeped","thept","kept","random",0.731,"increase",0.416,"thept",FALSE,"s6165"
"Male",1975,"posttest","shreeped","shrept","kept","random",0.731,"increase",0.46,"shrept",FALSE,"s6165"
"Male",1975,"posttest","brived","brove","drove","random",0.731,"increase",0.391,"brove",FALSE,"s6165"
"Male",1975,"posttest","prurned","prurnt","burnt","random",0.731,"increase",0.688,"prurned",TRUE,"s6165"
"Male",1975,"posttest","vurned","vurnt","burnt","random",0.731,"increase",0.668,"vurned",TRUE,"s6165"
"Male",1975,"posttest","squeened","squent","kept","random",0.731,"increase",0.629,"squent",FALSE,"s6165"
"Male",1975,"posttest","pringed","prang","sang","random",0.731,"increase",0.465,"prang",FALSE,"s6165"
"Male",1975,"posttest","chited","chote","drove","random",0.731,"increase",0.579,"chote",FALSE,"s6165"
"Male",1975,"posttest","skrilled","skrilt","burnt","random",0.731,"increase",0.733,"skrilled",TRUE,"s6165"
"Male",1975,"posttest","ninked","nank","sang","random",0.731,"increase",0.647,"nank",FALSE,"s6165"
"Male",1975,"posttest","brurned","brurnt","burnt","random",0.731,"increase",0.554,"brurned",TRUE,"s6165"
"Male",1975,"posttest","pleeled","plelt","kept","random",0.731,"increase",0.574,"pleeled",TRUE,"s6165"
"Male",1975,"posttest","thrimmed","thram","sang","random",0.731,"increase",0.683,"thrimmed",TRUE,"s6165"
"Male",1975,"posttest","schmined","schmone","drove","random",0.731,"increase",0.703,"schmined",TRUE,"s6165"
"Male",1975,"posttest","jurned","jurnt","burnt","random",0.731,"increase",0.718,"jurned",TRUE,"s6165"
"Male",1975,"posttest","strited","strote","drove","random",0.731,"increase",0.426,"strote",FALSE,"s6165"
"Male",1975,"posttest","squited","squote","drove","random",0.731,"increase",0.505,"squote",FALSE,"s6165"
"Male",1975,"posttest","kreened","krent","kept","random",0.731,"increase",0.683,"krent",FALSE,"s6165"
"Male",1975,"posttest","klilled","klilt","burnt","random",0.731,"increase",0.693,"klilt",FALSE,"s6165"
"Male",1975,"posttest","theeled","thelt","kept","random",0.731,"increase",0.495,"theeled",TRUE,"s6165"
"Male",1975,"posttest","threlled","threlt","burnt","random",0.731,"increase",0.653,"threlled",TRUE,"s6165"
"Male",1975,"posttest","neemed","nemt","kept","random",0.731,"increase",0.658,"neemed",TRUE,"s6165"
"Male",1975,"posttest","shinged","shang","sang","random",0.731,"increase",0.45,"shang",FALSE,"s6165"
"Male",1975,"posttest","smimmed","smam","sang","random",0.731,"increase",0.579,"smimmed",TRUE,"s6165"
"Male",1975,"posttest","glilled","glilt","burnt","random",0.731,"increase",0.673,"glilled",TRUE,"s6165"
"Male",1975,"posttest","swurned","swurnt","burnt","random",0.731,"increase",0.723,"swurned",TRUE,"s6165"
"Male",1975,"posttest","gurned","gurnt","burnt","random",0.731,"increase",0.708,"gurned",TRUE,"s6165"
"Male",1975,"posttest","breeped","brept","kept","random",0.731,"increase",0.55,"breeped",TRUE,"s6165"
"Male",1975,"posttest","kleemed","klemt","kept","random",0.731,"increase",0.653,"kleemed",TRUE,"s6165"
"Male",1975,"posttest","splided","splode","drove","random",0.731,"increase",0.475,"splode",FALSE,"s6165"
"Male",1975,"posttest","glinked","glank","sang","random",0.731,"increase",0.609,"glank",FALSE,"s6165"
"Male",1975,"posttest","squeeped","squept","kept","random",0.731,"increase",0.52,"squept",FALSE,"s6165"
"Male",1975,"posttest","pited","pote","drove","random",0.731,"increase",0.629,"pited",TRUE,"s6165"
"Male",1975,"posttest","skinged","skang","sang","random",0.731,"increase",0.52,"skang",FALSE,"s6165"
"Male",1975,"posttest","zited","zote","drove","random",0.731,"increase",0.54,"zote",FALSE,"s6165"
"Male",1975,"posttest","sninked","snank","sang","random",0.731,"increase",0.421,"snank",FALSE,"s6165"
"Male",1975,"posttest","chimmed","cham","sang","random",0.731,"increase",0.743,"chimmed",TRUE,"s6165"
"Male",1975,"posttest","vrilled","vrilt","burnt","random",0.731,"increase",0.772,"vrilled",TRUE,"s6165"
"Female",1988,"pretest","sweeled","swelt","kept","silly",0.385,"decrease",0.475,"swelt",FALSE,"s6204"
"Female",1988,"pretest","smilled","smilt","burnt","silly",0.385,"decrease",0.668,"smilled",TRUE,"s6204"
"Female",1988,"pretest","hurned","hurnt","burnt","silly",0.385,"decrease",0.713,"hurned",TRUE,"s6204"
"Female",1988,"pretest","dwinked","dwank","sang","silly",0.385,"decrease",0.431,"dwank",FALSE,"s6204"
"Female",1988,"pretest","glinged","glang","sang","silly",0.385,"decrease",0.584,"glinged",TRUE,"s6204"
"Female",1988,"pretest","vrited","vrote","drove","silly",0.385,"decrease",0.366,"vrote",FALSE,"s6204"
"Female",1988,"pretest","feemed","femt","kept","silly",0.385,"decrease",0.673,"feemed",TRUE,"s6204"
"Female",1988,"pretest","minged","mang","sang","silly",0.385,"decrease",0.639,"minged",TRUE,"s6204"
"Female",1988,"pretest","twelled","twelt","burnt","silly",0.385,"decrease",0.559,"twelled",TRUE,"s6204"
"Female",1988,"pretest","zimmed","zam","sang","silly",0.385,"decrease",0.733,"zimmed",TRUE,"s6204"
"Female",1988,"pretest","quided","quode","drove","silly",0.385,"decrease",0.47,"quode",FALSE,"s6204"
"Female",1988,"pretest","cheened","chent","kept","silly",0.385,"decrease",0.743,"cheened",TRUE,"s6204"
"Female",1988,"pretest","sneened","snent","kept","silly",0.385,"decrease",0.698,"sneened",TRUE,"s6204"
"Female",1988,"pretest","yided","yode","drove","silly",0.385,"decrease",0.401,"yode",FALSE,"s6204"
"Female",1988,"pretest","thringed","thrang","sang","silly",0.385,"decrease",0.411,"thrang",FALSE,"s6204"
"Female",1988,"pretest","gringed","grang","sang","silly",0.385,"decrease",0.515,"grang",FALSE,"s6204"
"Female",1988,"pretest","sninged","snang","sang","silly",0.385,"decrease",0.455,"snang",FALSE,"s6204"
"Female",1988,"pretest","thrided","throde","drove","silly",0.385,"decrease",0.376,"throde",FALSE,"s6204"
"Female",1988,"pretest","splurned","splurnt","burnt","silly",0.385,"decrease",0.703,"splurned",TRUE,"s6204"
"Female",1988,"pretest","strined","strone","drove","silly",0.385,"decrease",0.559,"strined",TRUE,"s6204"
"Female",1988,"pretest","greeled","grelt","kept","silly",0.385,"decrease",0.562,"greeled",TRUE,"s6204"
"Female",1988,"pretest","strilled","strilt","burnt","silly",0.385,"decrease",0.772,"strilled",TRUE,"s6204"
"Female",1988,"pretest","streeled","strelt","kept","silly",0.385,"decrease",0.51,"streeled",TRUE,"s6204"
"Female",1988,"pretest","schmited","schmote","drove","silly",0.385,"decrease",0.45,"schmote",FALSE,"s6204"
"Female",1988,"pretest","rurned","rurnt","burnt","silly",0.385,"decrease",0.731,"rurned",TRUE,"s6204"
"Female",1988,"pretest","trelled","trelt","burnt","silly",0.385,"decrease",0.678,"trelled",TRUE,"s6204"
"Female",1988,"pretest","geeved","gove","drove","silly",0.385,"decrease",0.599,"geeved",TRUE,"s6204"
"Female",1988,"pretest","geemed","gemt","kept","silly",0.385,"decrease",0.693,"geemed",TRUE,"s6204"
"Female",1988,"pretest","jined","jone","drove","silly",0.385,"decrease",0.658,"jined",TRUE,"s6204"
"Female",1988,"pretest","lelled","lelt","burnt","silly",0.385,"decrease",0.668,"lelled",TRUE,"s6204"
"Female",1988,"pretest","splived","splove","drove","silly",0.385,"decrease",0.421,"splove",FALSE,"s6204"
"Female",1988,"pretest","sprelled","sprelt","burnt","silly",0.385,"decrease",0.629,"sprelled",TRUE,"s6204"
"Female",1988,"pretest","shringed","shrang","sang","silly",0.385,"decrease",0.46,"shrang",FALSE,"s6204"
"Female",1988,"pretest","slived","slove","drove","silly",0.385,"decrease",0.49,"slived",TRUE,"s6204"
"Female",1988,"pretest","blided","blode","drove","silly",0.385,"decrease",0.515,"blode",FALSE,"s6204"
"Female",1988,"pretest","zeeped","zept","kept","silly",0.385,"decrease",0.441,"zeeped",TRUE,"s6204"
"Female",1988,"pretest","quinked","quank","sang","silly",0.385,"decrease",0.569,"quinked",TRUE,"s6204"
"Female",1988,"pretest","splinked","splank","sang","silly",0.385,"decrease",0.49,"splank",FALSE,"s6204"
"Female",1988,"pretest","schmeemed","schmemt","kept","silly",0.385,"decrease",0.649,"schmeemed",TRUE,"s6204"
"Female",1988,"pretest","thurned","thurnt","burnt","silly",0.385,"decrease",0.693,"thurned",TRUE,"s6204"
"Female",1988,"pretest","twimmed","twam","sang","silly",0.385,"decrease",0.54,"twam",FALSE,"s6204"
"Female",1988,"pretest","cheeled","chelt","kept","silly",0.385,"decrease",0.545,"cheeled",TRUE,"s6204"
"Female",1988,"pretest","sneeped","snept","kept","silly",0.385,"decrease",0.431,"snept",FALSE,"s6204"
"Female",1988,"pretest","zeemed","zemt","kept","silly",0.385,"decrease",0.663,"zeemed",TRUE,"s6204"
"Female",1988,"pretest","frimmed","fram","sang","silly",0.385,"decrease",0.708,"frimmed",TRUE,"s6204"
"Female",1988,"pretest","stelled","stelt","burnt","silly",0.385,"decrease",0.644,"stelled",TRUE,"s6204"
"Female",1988,"pretest","plined","plone","drove","silly",0.385,"decrease",0.713,"plined",TRUE,"s6204"
"Female",1988,"pretest","yilled","yilt","burnt","silly",0.385,"decrease",0.718,"yilt",FALSE,"s6204"
"Female",1988,"pretest","drurned","drurnt","burnt","silly",0.385,"decrease",0.748,"drurnt",FALSE,"s6204"
"Female",1988,"pretest","trined","trone","drove","silly",0.385,"decrease",0.614,"trined",TRUE,"s6204"
"Female",1988,"pretest","dreened","drent","kept","silly",0.385,"decrease",0.634,"dreened",TRUE,"s6204"
"Female",1988,"pretest","jinked","jank","sang","silly",0.385,"decrease",0.614,"jinked",TRUE,"s6204"
"Female",1988,"posttest","vrilled","vrilt","burnt","silly",0.385,"decrease",0.772,"vrilt",FALSE,"s6204"
"Female",1988,"posttest","kleemed","klemt","kept","silly",0.385,"decrease",0.653,"kleemed",TRUE,"s6204"
"Female",1988,"posttest","skrilled","skrilt","burnt","silly",0.385,"decrease",0.733,"skrilled",TRUE,"s6204"
"Female",1988,"posttest","strited","strote","drove","silly",0.385,"decrease",0.426,"strote",FALSE,"s6204"
"Female",1988,"posttest","chimmed","cham","sang","silly",0.385,"decrease",0.743,"cham",FALSE,"s6204"
"Female",1988,"posttest","threlled","threlt","burnt","silly",0.385,"decrease",0.653,"threlled",TRUE,"s6204"
"Female",1988,"posttest","klited","klote","drove","silly",0.385,"decrease",0.554,"klote",FALSE,"s6204"
"Female",1988,"posttest","neemed","nemt","kept","silly",0.385,"decrease",0.658,"neemed",TRUE,"s6204"
"Female",1988,"posttest","shinged","shang","sang","silly",0.385,"decrease",0.45,"shang",FALSE,"s6204"
"Female",1988,"posttest","theeled","thelt","kept","silly",0.385,"decrease",0.495,"thelt",FALSE,"s6204"
"Female",1988,"posttest","sneemed","snemt","kept","silly",0.385,"decrease",0.713,"sneemed",TRUE,"s6204"
"Female",1988,"posttest","chited","chote","drove","silly",0.385,"decrease",0.579,"chote",FALSE,"s6204"
"Female",1988,"posttest","ninked","nank","sang","silly",0.385,"decrease",0.647,"ninked",TRUE,"s6204"
"Female",1988,"posttest","prurned","prurnt","burnt","silly",0.385,"decrease",0.688,"prurnt",FALSE,"s6204"
"Female",1988,"posttest","slined","slone","drove","silly",0.385,"decrease",0.614,"slone",FALSE,"s6204"
"Female",1988,"posttest","kreened","krent","kept","silly",0.385,"decrease",0.683,"kreened",TRUE,"s6204"
"Female",1988,"posttest","schmined","schmone","drove","silly",0.385,"decrease",0.703,"schmined",TRUE,"s6204"
"Female",1988,"posttest","slurned","slurnt","burnt","silly",0.385,"decrease",0.698,"slurned",TRUE,"s6204"
"Female",1988,"posttest","pleeled","plelt","kept","silly",0.385,"decrease",0.574,"pleeled",TRUE,"s6204"
"Female",1988,"posttest","blurned","blurnt","burnt","silly",0.385,"decrease",0.639,"blurnt",FALSE,"s6204"
"Female",1988,"posttest","swurned","swurnt","burnt","silly",0.385,"decrease",0.723,"swurned",TRUE,"s6204"
"Female",1988,"posttest","brurned","brurnt","burnt","silly",0.385,"decrease",0.554,"brurnt",FALSE,"s6204"
"Female",1988,"posttest","trinked","trank","sang","silly",0.385,"decrease",0.49,"trank",FALSE,"s6204"
"Female",1988,"posttest","spinged","spang","sang","silly",0.385,"decrease",0.401,"spang",FALSE,"s6204"
"Female",1988,"posttest","squeeped","squept","kept","silly",0.385,"decrease",0.52,"squept",FALSE,"s6204"
"Female",1988,"posttest","gurned","gurnt","burnt","silly",0.385,"decrease",0.708,"gurnt",FALSE,"s6204"
"Female",1988,"posttest","klilled","klilt","burnt","silly",0.385,"decrease",0.693,"klilled",TRUE,"s6204"
"Female",1988,"posttest","theeped","thept","kept","silly",0.385,"decrease",0.416,"thept",FALSE,"s6204"
"Female",1988,"posttest","twited","twote","drove","silly",0.385,"decrease",0.446,"twited",TRUE,"s6204"
"Female",1988,"posttest","smimmed","smam","sang","silly",0.385,"decrease",0.579,"smam",FALSE,"s6204"
"Female",1988,"posttest","breeped","brept","kept","silly",0.385,"decrease",0.55,"brept",FALSE,"s6204"
"Female",1988,"posttest","glilled","glilt","burnt","silly",0.385,"decrease",0.673,"glilt",FALSE,"s6204"
"Female",1988,"posttest","pringed","prang","sang","silly",0.385,"decrease",0.465,"prang",FALSE,"s6204"
"Female",1988,"posttest","splided","splode","drove","silly",0.385,"decrease",0.475,"splode",FALSE,"s6204"
"Female",1988,"posttest","swided","swode","drove","silly",0.385,"decrease",0.356,"swode",FALSE,"s6204"
"Female",1988,"posttest","glinked","glank","sang","silly",0.385,"decrease",0.609,"glank",FALSE,"s6204"
"Female",1988,"posttest","skinged","skang","sang","silly",0.385,"decrease",0.52,"skang",FALSE,"s6204"
"Female",1988,"posttest","squided","squode","drove","silly",0.385,"decrease",0.406,"squode",FALSE,"s6204"
"Female",1988,"posttest","skeened","skent","kept","silly",0.385,"decrease",0.688,"skeened",TRUE,"s6204"
"Female",1988,"posttest","jeemed","jemt","kept","silly",0.385,"decrease",0.723,"jeemed",TRUE,"s6204"
"Female",1988,"posttest","dwimmed","dwam","sang","silly",0.385,"decrease",0.515,"dwimmed",TRUE,"s6204"
"Female",1988,"posttest","zited","zote","drove","silly",0.385,"decrease",0.54,"zited",TRUE,"s6204"
"Female",1988,"posttest","vurned","vurnt","burnt","silly",0.385,"decrease",0.668,"vurnt",FALSE,"s6204"
"Female",1988,"posttest","squited","squote","drove","silly",0.385,"decrease",0.505,"squited",TRUE,"s6204"
"Female",1988,"posttest","thrimmed","thram","sang","silly",0.385,"decrease",0.683,"thrimmed",TRUE,"s6204"
"Female",1988,"posttest","squeened","squent","kept","silly",0.385,"decrease",0.629,"squeened",TRUE,"s6204"
"Female",1988,"posttest","pited","pote","drove","silly",0.385,"decrease",0.629,"pited",TRUE,"s6204"
"Female",1988,"posttest","shreeped","shrept","kept","silly",0.385,"decrease",0.46,"shrept",FALSE,"s6204"
"Female",1988,"posttest","sninked","snank","sang","silly",0.385,"decrease",0.421,"snank",FALSE,"s6204"
"Female",1988,"posttest","jurned","jurnt","burnt","silly",0.385,"decrease",0.718,"jurnt",FALSE,"s6204"
"Female",1988,"posttest","brived","brove","drove","silly",0.385,"decrease",0.391,"brived",TRUE,"s6204"
"Female",1988,"posttest","strimmed","stram","sang","silly",0.385,"decrease",0.619,"strimmed",TRUE,"s6204"
"Female",1994,"pretest","skrined","skrone","drove","silly",0.327,"decrease",0.599,"skrone",FALSE,"s6504"
"Female",1994,"pretest","sprided","sprode","drove","silly",0.327,"decrease",0.347,"sprode",FALSE,"s6504"
"Female",1994,"pretest","dwilled","dwilt","burnt","silly",0.327,"decrease",0.673,"dwilt",FALSE,"s6504"
"Female",1994,"pretest","snited","snote","drove","silly",0.327,"decrease",0.53,"snited",TRUE,"s6504"
"Female",1994,"pretest","snined","snone","drove","silly",0.327,"decrease",0.644,"snined",TRUE,"s6504"
"Female",1994,"pretest","dweeped","dwept","kept","silly",0.327,"decrease",0.426,"dwept",FALSE,"s6504"
"Female",1994,"pretest","schmimmed","schmam","sang","silly",0.327,"decrease",0.634,"schmimmed",TRUE,"s6504"
"Female",1994,"pretest","cheemed","chemt","kept","silly",0.327,"decrease",0.733,"chemt",FALSE,"s6504"
"Female",1994,"pretest","thided","thode","drove","silly",0.327,"decrease",0.436,"thode",FALSE,"s6504"
"Female",1994,"pretest","murned","murnt","burnt","silly",0.327,"decrease",0.723,"murnt",FALSE,"s6504"
"Female",1994,"pretest","prilled","prilt","burnt","silly",0.327,"decrease",0.713,"prilt",FALSE,"s6504"
"Female",1994,"pretest","zelled","zelt","burnt","silly",0.327,"decrease",0.639,"zelled",TRUE,"s6504"
"Female",1994,"pretest","snurned","snurnt","burnt","silly",0.327,"decrease",0.757,"snurned",TRUE,"s6504"
"Female",1994,"pretest","sminked","smank","sang","silly",0.327,"decrease",0.579,"sminked",TRUE,"s6504"
"Female",1994,"pretest","dwided","dwode","drove","silly",0.327,"decrease",0.416,"dwided",TRUE,"s6504"
"Female",1994,"pretest","fimmed","fam","sang","silly",0.327,"decrease",0.772,"fimmed",TRUE,"s6504"
"Female",1994,"pretest","trurned","trurnt","burnt","silly",0.327,"decrease",0.718,"trurned",TRUE,"s6504"
"Female",1994,"pretest","beeved","bove","drove","silly",0.327,"decrease",0.574,"beeved",TRUE,"s6504"
"Female",1994,"pretest","vinked","vank","sang","silly",0.327,"decrease",0.624,"vinked",TRUE,"s6504"
"Female",1994,"pretest","skeeped","skept","kept","silly",0.327,"decrease",0.485,"skeeped",TRUE,"s6504"
"Female",1994,"pretest","strinked","strank","sang","silly",0.327,"decrease",0.416,"strank",FALSE,"s6504"
"Female",1994,"pretest","slilled","slilt","burnt","silly",0.327,"decrease",0.693,"slilt",FALSE,"s6504"
"Female",1994,"pretest","swited","swote","drove","silly",0.327,"decrease",0.46,"swote",FALSE,"s6504"
"Female",1994,"pretest","splinged","splang","sang","silly",0.327,"decrease",0.401,"splang",FALSE,"s6504"
"Female",1994,"pretest","sprurned","sprurnt","burnt","silly",0.327,"decrease",0.688,"sprurned",TRUE,"s6504"
"Female",1994,"pretest","shreened","shrent","kept","silly",0.327,"decrease",0.693,"shrent",FALSE,"s6504"
"Female",1994,"pretest","kleeled","klelt","kept","silly",0.327,"decrease",0.554,"kleeled",TRUE,"s6504"
"Female",1994,"pretest","grinked","grank","sang","silly",0.327,"decrease",0.47,"grinked",TRUE,"s6504"
"Female",1994,"pretest","twinked","twank","sang","silly",0.327,"decrease",0.594,"twank",FALSE,"s6504"
"Female",1994,"pretest","preemed","premt","kept","silly",0.327,"decrease",0.678,"premt",FALSE,"s6504"
"Female",1994,"pretest","klided","klode","drove","silly",0.327,"decrease",0.495,"klided",TRUE,"s6504"
"Female",1994,"pretest","squined","squone","drove","silly",0.327,"decrease",0.678,"squone",FALSE,"s6504"
"Female",1994,"pretest","streened","strent","kept","silly",0.327,"decrease",0.718,"streened",TRUE,"s6504"
"Female",1994,"pretest","dwinged","dwang","sang","silly",0.327,"decrease",0.485,"dwinged",TRUE,"s6504"
"Female",1994,"pretest","neened","nent","kept","silly",0.327,"decrease",0.663,"neened",TRUE,"s6504"
"Female",1994,"pretest","gimmed","gam","sang","silly",0.327,"decrease",0.728,"gimmed",TRUE,"s6504"
"Female",1994,"pretest","fleeled","flelt","kept","silly",0.327,"decrease",0.525,"fleeled",TRUE,"s6504"
"Female",1994,"pretest","skelled","skelt","burnt","silly",0.327,"decrease",0.584,"skelt",FALSE,"s6504"
"Female",1994,"pretest","drelled","drelt","burnt","silly",0.327,"decrease",0.653,"drelt",FALSE,"s6504"
"Female",1994,"pretest","skrinked","skrank","sang","silly",0.327,"decrease",0.45,"skrinked",TRUE,"s6504"
"Female",1994,"pretest","skurned","skurnt","burnt","silly",0.327,"decrease",0.733,"skurnt",FALSE,"s6504"
"Female",1994,"pretest","fided","fode","drove","silly",0.327,"decrease",0.485,"fided",TRUE,"s6504"
"Female",1994,"pretest","quinged","quang","sang","silly",0.327,"decrease",0.53,"quinged",TRUE,"s6504"
"Female",1994,"pretest","greemed","gremt","kept","silly",0.327,"decrease",0.629,"gremt",FALSE,"s6504"
"Female",1994,"pretest","skrurned","skrurnt","burnt","silly",0.327,"decrease",0.668,"skrurned",TRUE,"s6504"
"Female",1994,"pretest","spreemed","spremt","kept","silly",0.327,"decrease",0.639,"spreemed",TRUE,"s6504"
"Female",1994,"pretest","surned","surnt","burnt","silly",0.327,"decrease",0.698,"surnt",FALSE,"s6504"
"Female",1994,"pretest","sleeled","slelt","kept","silly",0.327,"decrease",0.55,"slelt",FALSE,"s6504"
"Female",1994,"pretest","dreeped","drept","kept","silly",0.327,"decrease",0.441,"dreeped",TRUE,"s6504"
"Female",1994,"pretest","vrinked","vrank","sang","silly",0.327,"decrease",0.515,"vrank",FALSE,"s6504"
"Female",1994,"pretest","shrided","shrode","drove","silly",0.327,"decrease",0.376,"shrided",TRUE,"s6504"
"Female",1994,"pretest","glined","glone","drove","silly",0.327,"decrease",0.619,"glined",TRUE,"s6504"
"Female",1994,"posttest","thrided","throde","drove","silly",0.327,"decrease",0.376,"thrided",TRUE,"s6504"
"Female",1994,"posttest","yilled","yilt","burnt","silly",0.327,"decrease",0.718,"yilt",FALSE,"s6504"
"Female",1994,"posttest","feemed","femt","kept","silly",0.327,"decrease",0.673,"femt",FALSE,"s6504"
"Female",1994,"posttest","trined","trone","drove","silly",0.327,"decrease",0.614,"trone",FALSE,"s6504"
"Female",1994,"posttest","gringed","grang","sang","silly",0.327,"decrease",0.515,"grang",FALSE,"s6504"
"Female",1994,"posttest","hurned","hurnt","burnt","silly",0.327,"decrease",0.713,"hurned",TRUE,"s6504"
"Female",1994,"posttest","zeemed","zemt","kept","silly",0.327,"decrease",0.663,"zemt",FALSE,"s6504"
"Female",1994,"posttest","twelled","twelt","burnt","silly",0.327,"decrease",0.559,"twelt",FALSE,"s6504"
"Female",1994,"posttest","dreened","drent","kept","silly",0.327,"decrease",0.634,"drent",FALSE,"s6504"
"Female",1994,"posttest","quinked","quank","sang","silly",0.327,"decrease",0.569,"quinked",TRUE,"s6504"
"Female",1994,"posttest","zimmed","zam","sang","silly",0.327,"decrease",0.733,"zimmed",TRUE,"s6504"
"Female",1994,"posttest","lelled","lelt","burnt","silly",0.327,"decrease",0.668,"lelt",FALSE,"s6504"
"Female",1994,"posttest","splived","splove","drove","silly",0.327,"decrease",0.421,"splived",TRUE,"s6504"
"Female",1994,"posttest","streeled","strelt","kept","silly",0.327,"decrease",0.51,"streeled",TRUE,"s6504"
"Female",1994,"posttest","strilled","strilt","burnt","silly",0.327,"decrease",0.772,"strilled",TRUE,"s6504"
"Female",1994,"posttest","blided","blode","drove","silly",0.327,"decrease",0.515,"blided",TRUE,"s6504"
"Female",1994,"posttest","splinked","splank","sang","silly",0.327,"decrease",0.49,"splinked",TRUE,"s6504"
"Female",1994,"posttest","plined","plone","drove","silly",0.327,"decrease",0.713,"plined",TRUE,"s6504"
"Female",1994,"posttest","schmited","schmote","drove","silly",0.327,"decrease",0.45,"schmote",FALSE,"s6504"
"Female",1994,"posttest","splurned","splurnt","burnt","silly",0.327,"decrease",0.703,"splurnt",FALSE,"s6504"
"Female",1994,"posttest","cheeled","chelt","kept","silly",0.327,"decrease",0.545,"cheeled",TRUE,"s6504"
"Female",1994,"posttest","geemed","gemt","kept","silly",0.327,"decrease",0.693,"geemed",TRUE,"s6504"
"Female",1994,"posttest","slived","slove","drove","silly",0.327,"decrease",0.49,"slove",FALSE,"s6504"
"Female",1994,"posttest","quided","quode","drove","silly",0.327,"decrease",0.47,"quided",TRUE,"s6504"
"Female",1994,"posttest","rurned","rurnt","burnt","silly",0.327,"decrease",0.731,"rurnt",FALSE,"s6504"
"Female",1994,"posttest","jinked","jank","sang","silly",0.327,"decrease",0.614,"jinked",TRUE,"s6504"
"Female",1994,"posttest","sneened","snent","kept","silly",0.327,"decrease",0.698,"sneened",TRUE,"s6504"
"Female",1994,"posttest","glinged","glang","sang","silly",0.327,"decrease",0.584,"glinged",TRUE,"s6504"
"Female",1994,"posttest","yided","yode","drove","silly",0.327,"decrease",0.401,"yided",TRUE,"s6504"
"Female",1994,"posttest","trelled","trelt","burnt","silly",0.327,"decrease",0.678,"trelt",FALSE,"s6504"
"Female",1994,"posttest","dwinked","dwank","sang","silly",0.327,"decrease",0.431,"dwinked",TRUE,"s6504"
"Female",1994,"posttest","smilled","smilt","burnt","silly",0.327,"decrease",0.668,"smilt",FALSE,"s6504"
"Female",1994,"posttest","schmeemed","schmemt","kept","silly",0.327,"decrease",0.649,"schmemt",FALSE,"s6504"
"Female",1994,"posttest","sninged","snang","sang","silly",0.327,"decrease",0.455,"snang",FALSE,"s6504"
"Female",1994,"posttest","stelled","stelt","burnt","silly",0.327,"decrease",0.644,"stelt",FALSE,"s6504"
"Female",1994,"posttest","shringed","shrang","sang","silly",0.327,"decrease",0.46,"shrang",FALSE,"s6504"
"Female",1994,"posttest","sneeped","snept","kept","silly",0.327,"decrease",0.431,"snept",FALSE,"s6504"
"Female",1994,"posttest","sweeled","swelt","kept","silly",0.327,"decrease",0.475,"swelt",FALSE,"s6504"
"Female",1994,"posttest","strined","strone","drove","silly",0.327,"decrease",0.559,"strined",TRUE,"s6504"
"Female",1994,"posttest","greeled","grelt","kept","silly",0.327,"decrease",0.562,"grelt",FALSE,"s6504"
"Female",1994,"posttest","minged","mang","sang","silly",0.327,"decrease",0.639,"minged",TRUE,"s6504"
"Female",1994,"posttest","frimmed","fram","sang","silly",0.327,"decrease",0.708,"frimmed",TRUE,"s6504"
"Female",1994,"posttest","thringed","thrang","sang","silly",0.327,"decrease",0.411,"thringed",TRUE,"s6504"
"Female",1994,"posttest","vrited","vrote","drove","silly",0.327,"decrease",0.366,"vrited",TRUE,"s6504"
"Female",1994,"posttest","thurned","thurnt","burnt","silly",0.327,"decrease",0.693,"thurnt",FALSE,"s6504"
"Female",1994,"posttest","drurned","drurnt","burnt","silly",0.327,"decrease",0.748,"drurned",TRUE,"s6504"
"Female",1994,"posttest","twimmed","twam","sang","silly",0.327,"decrease",0.54,"twimmed",TRUE,"s6504"
"Female",1994,"posttest","geeved","gove","drove","silly",0.327,"decrease",0.599,"geeved",TRUE,"s6504"
"Female",1994,"posttest","sprelled","sprelt","burnt","silly",0.327,"decrease",0.629,"sprelt",FALSE,"s6504"
"Female",1994,"posttest","jined","jone","drove","silly",0.327,"decrease",0.658,"jined",TRUE,"s6504"
"Female",1994,"posttest","zeeped","zept","kept","silly",0.327,"decrease",0.441,"zept",FALSE,"s6504"
"Female",1994,"posttest","cheened","chent","kept","silly",0.327,"decrease",0.743,"chent",FALSE,"s6504"
"Female",1990,"pretest","pringed","prang","sang","silly",0.673,"increase",0.465,"prang",FALSE,"s6544"
"Female",1990,"pretest","threlled","threlt","burnt","silly",0.673,"increase",0.653,"threlled",TRUE,"s6544"
"Female",1990,"pretest","gurned","gurnt","burnt","silly",0.673,"increase",0.708,"gurned",TRUE,"s6544"
"Female",1990,"pretest","trinked","trank","sang","silly",0.673,"increase",0.49,"trank",FALSE,"s6544"
"Female",1990,"pretest","skeened","skent","kept","silly",0.673,"increase",0.688,"skent",FALSE,"s6544"
"Female",1990,"pretest","skinged","skang","sang","silly",0.673,"increase",0.52,"skang",FALSE,"s6544"
"Female",1990,"pretest","strited","strote","drove","silly",0.673,"increase",0.426,"strote",FALSE,"s6544"
"Female",1990,"pretest","squeeped","squept","kept","silly",0.673,"increase",0.52,"squeeped",TRUE,"s6544"
"Female",1990,"pretest","jeemed","jemt","kept","silly",0.673,"increase",0.723,"jemt",FALSE,"s6544"
"Female",1990,"pretest","glilled","glilt","burnt","silly",0.673,"increase",0.673,"glilt",FALSE,"s6544"
"Female",1990,"pretest","smimmed","smam","sang","silly",0.673,"increase",0.579,"smam",FALSE,"s6544"
"Female",1990,"pretest","squited","squote","drove","silly",0.673,"increase",0.505,"squited",TRUE,"s6544"
"Female",1990,"pretest","shinged","shang","sang","silly",0.673,"increase",0.45,"shang",FALSE,"s6544"
"Female",1990,"pretest","pited","pote","drove","silly",0.673,"increase",0.629,"pote",FALSE,"s6544"
"Female",1990,"pretest","strimmed","stram","sang","silly",0.673,"increase",0.619,"stram",FALSE,"s6544"
"Female",1990,"pretest","shreeped","shrept","kept","silly",0.673,"increase",0.46,"shreeped",TRUE,"s6544"
"Female",1990,"pretest","splided","splode","drove","silly",0.673,"increase",0.475,"splided",TRUE,"s6544"
"Female",1990,"pretest","chited","chote","drove","silly",0.673,"increase",0.579,"chote",FALSE,"s6544"
"Female",1990,"pretest","breeped","brept","kept","silly",0.673,"increase",0.55,"breeped",TRUE,"s6544"
"Female",1990,"pretest","pleeled","plelt","kept","silly",0.673,"increase",0.574,"pleeled",TRUE,"s6544"
"Female",1990,"pretest","skrilled","skrilt","burnt","silly",0.673,"increase",0.733,"skrilled",TRUE,"s6544"
"Female",1990,"pretest","vrilled","vrilt","burnt","silly",0.673,"increase",0.772,"vrilled",TRUE,"s6544"
"Female",1990,"pretest","klilled","klilt","burnt","silly",0.673,"increase",0.693,"klilled",TRUE,"s6544"
"Female",1990,"pretest","klited","klote","drove","silly",0.673,"increase",0.554,"klited",TRUE,"s6544"
"Female",1990,"pretest","theeled","thelt","kept","silly",0.673,"increase",0.495,"theeled",TRUE,"s6544"
"Female",1990,"pretest","thrimmed","thram","sang","silly",0.673,"increase",0.683,"thram",FALSE,"s6544"
"Female",1990,"pretest","kreened","krent","kept","silly",0.673,"increase",0.683,"kreened",TRUE,"s6544"
"Female",1990,"pretest","prurned","prurnt","burnt","silly",0.673,"increase",0.688,"prurnt",FALSE,"s6544"
"Female",1990,"pretest","ninked","nank","sang","silly",0.673,"increase",0.647,"nank",FALSE,"s6544"
"Female",1990,"pretest","brurned","brurnt","burnt","silly",0.673,"increase",0.554,"brurnt",FALSE,"s6544"
"Female",1990,"pretest","squided","squode","drove","silly",0.673,"increase",0.406,"squided",TRUE,"s6544"
"Female",1990,"pretest","brived","brove","drove","silly",0.673,"increase",0.391,"brove",FALSE,"s6544"
"Female",1990,"pretest","twited","twote","drove","silly",0.673,"increase",0.446,"twote",FALSE,"s6544"
"Female",1990,"pretest","zited","zote","drove","silly",0.673,"increase",0.54,"zote",FALSE,"s6544"
"Female",1990,"pretest","vurned","vurnt","burnt","silly",0.673,"increase",0.668,"vurned",TRUE,"s6544"
"Female",1990,"pretest","swided","swode","drove","silly",0.673,"increase",0.356,"swode",FALSE,"s6544"
"Female",1990,"pretest","glinked","glank","sang","silly",0.673,"increase",0.609,"glank",FALSE,"s6544"
"Female",1990,"pretest","chimmed","cham","sang","silly",0.673,"increase",0.743,"cham",FALSE,"s6544"
"Female",1990,"pretest","blurned","blurnt","burnt","silly",0.673,"increase",0.639,"blurned",TRUE,"s6544"
"Female",1990,"pretest","slined","slone","drove","silly",0.673,"increase",0.614,"slined",TRUE,"s6544"
"Female",1990,"pretest","spinged","spang","sang","silly",0.673,"increase",0.401,"spang",FALSE,"s6544"
"Female",1990,"pretest","jurned","jurnt","burnt","silly",0.673,"increase",0.718,"jurned",TRUE,"s6544"
"Female",1990,"pretest","swurned","swurnt","burnt","silly",0.673,"increase",0.723,"swurned",TRUE,"s6544"
"Female",1990,"pretest","kleemed","klemt","kept","silly",0.673,"increase",0.653,"kleemed",TRUE,"s6544"
"Female",1990,"pretest","slurned","slurnt","burnt","silly",0.673,"increase",0.698,"slurned",TRUE,"s6544"
"Female",1990,"pretest","theeped","thept","kept","silly",0.673,"increase",0.416,"thept",FALSE,"s6544"
"Female",1990,"pretest","neemed","nemt","kept","silly",0.673,"increase",0.658,"nemt",FALSE,"s6544"
"Female",1990,"pretest","squeened","squent","kept","silly",0.673,"increase",0.629,"squeened",TRUE,"s6544"
"Female",1990,"pretest","schmined","schmone","drove","silly",0.673,"increase",0.703,"schmined",TRUE,"s6544"
"Female",1990,"pretest","sninked","snank","sang","silly",0.673,"increase",0.421,"snank",FALSE,"s6544"
"Female",1990,"pretest","dwimmed","dwam","sang","silly",0.673,"increase",0.515,"dwam",FALSE,"s6544"
"Female",1990,"pretest","sneemed","snemt","kept","silly",0.673,"increase",0.713,"sneemed",TRUE,"s6544"
"Female",1990,"posttest","streened","strent","kept","silly",0.673,"increase",0.718,"strent",FALSE,"s6544"
"Female",1990,"posttest","surned","surnt","burnt","silly",0.673,"increase",0.698,"surnt",FALSE,"s6544"
"Female",1990,"posttest","klided","klode","drove","silly",0.673,"increase",0.495,"klode",FALSE,"s6544"
"Female",1990,"posttest","grinked","grank","sang","silly",0.673,"increase",0.47,"grank",FALSE,"s6544"
"Female",1990,"posttest","sprurned","sprurnt","burnt","silly",0.673,"increase",0.688,"sprurnt",FALSE,"s6544"
"Female",1990,"posttest","dwided","dwode","drove","silly",0.673,"increase",0.416,"dwode",FALSE,"s6544"
"Female",1990,"posttest","glined","glone","drove","silly",0.673,"increase",0.619,"glined",TRUE,"s6544"
"Female",1990,"posttest","fleeled","flelt","kept","silly",0.673,"increase",0.525,"fleeled",TRUE,"s6544"
"Female",1990,"posttest","shreened","shrent","kept","silly",0.673,"increase",0.693,"shreened",TRUE,"s6544"
"Female",1990,"posttest","swited","swote","drove","silly",0.673,"increase",0.46,"swited",TRUE,"s6544"
"Female",1990,"posttest","squined","squone","drove","silly",0.673,"increase",0.678,"squined",TRUE,"s6544"
"Female",1990,"posttest","skeeped","skept","kept","silly",0.673,"increase",0.485,"skept",FALSE,"s6544"
"Female",1990,"posttest","splinged","splang","sang","silly",0.673,"increase",0.401,"splang",FALSE,"s6544"
"Female",1990,"posttest","neened","nent","kept","silly",0.673,"increase",0.663,"neened",TRUE,"s6544"
"Female",1990,"posttest","cheemed","chemt","kept","silly",0.673,"increase",0.733,"cheemed",TRUE,"s6544"
"Female",1990,"posttest","drelled","drelt","burnt","silly",0.673,"increase",0.653,"drelled",TRUE,"s6544"
"Female",1990,"posttest","sminked","smank","sang","silly",0.673,"increase",0.579,"sminked",TRUE,"s6544"
"Female",1990,"posttest","prilled","prilt","burnt","silly",0.673,"increase",0.713,"prilled",TRUE,"s6544"
"Female",1990,"posttest","beeved","bove","drove","silly",0.673,"increase",0.574,"beeved",TRUE,"s6544"
"Female",1990,"posttest","twinked","twank","sang","silly",0.673,"increase",0.594,"twinked",TRUE,"s6544"
"Female",1990,"posttest","spreemed","spremt","kept","silly",0.673,"increase",0.639,"spreemed",TRUE,"s6544"
"Female",1990,"posttest","strinked","strank","sang","silly",0.673,"increase",0.416,"strinked",TRUE,"s6544"
"Female",1990,"posttest","skrinked","skrank","sang","silly",0.673,"increase",0.45,"skrinked",TRUE,"s6544"
"Female",1990,"posttest","greemed","gremt","kept","silly",0.673,"increase",0.629,"greemed",TRUE,"s6544"
"Female",1990,"posttest","fided","fode","drove","silly",0.673,"increase",0.485,"fided",TRUE,"s6544"
"Female",1990,"posttest","snited","snote","drove","silly",0.673,"increase",0.53,"snote",FALSE,"s6544"
"Female",1990,"posttest","gimmed","gam","sang","silly",0.673,"increase",0.728,"gimmed",TRUE,"s6544"
"Female",1990,"posttest","sleeled","slelt","kept","silly",0.673,"increase",0.55,"sleeled",TRUE,"s6544"
"Female",1990,"posttest","vinked","vank","sang","silly",0.673,"increase",0.624,"vinked",TRUE,"s6544"
"Female",1990,"posttest","vrinked","vrank","sang","silly",0.673,"increase",0.515,"vrank",FALSE,"s6544"
"Female",1990,"posttest","shrided","shrode","drove","silly",0.673,"increase",0.376,"shrode",FALSE,"s6544"
"Female",1990,"posttest","snined","snone","drove","silly",0.673,"increase",0.644,"snined",TRUE,"s6544"
"Female",1990,"posttest","zelled","zelt","burnt","silly",0.673,"increase",0.639,"zelled",TRUE,"s6544"
"Female",1990,"posttest","dwilled","dwilt","burnt","silly",0.673,"increase",0.673,"dwilt",FALSE,"s6544"
"Female",1990,"posttest","schmimmed","schmam","sang","silly",0.673,"increase",0.634,"schmam",FALSE,"s6544"
"Female",1990,"posttest","thided","thode","drove","silly",0.673,"increase",0.436,"thode",FALSE,"s6544"
"Female",1990,"posttest","trurned","trurnt","burnt","silly",0.673,"increase",0.718,"trurned",TRUE,"s6544"
"Female",1990,"posttest","dweeped","dwept","kept","silly",0.673,"increase",0.426,"dweeped",TRUE,"s6544"
"Female",1990,"posttest","fimmed","fam","sang","silly",0.673,"increase",0.772,"fam",FALSE,"s6544"
"Female",1990,"posttest","snurned","snurnt","burnt","silly",0.673,"increase",0.757,"snurned",TRUE,"s6544"
"Female",1990,"posttest","kleeled","klelt","kept","silly",0.673,"increase",0.554,"klelt",FALSE,"s6544"
"Female",1990,"posttest","preemed","premt","kept","silly",0.673,"increase",0.678,"preemed",TRUE,"s6544"
"Female",1990,"posttest","skrurned","skrurnt","burnt","silly",0.673,"increase",0.668,"skrurned",TRUE,"s6544"
"Female",1990,"posttest","murned","murnt","burnt","silly",0.673,"increase",0.723,"murned",TRUE,"s6544"
"Female",1990,"posttest","dwinged","dwang","sang","silly",0.673,"increase",0.485,"dwang",FALSE,"s6544"
"Female",1990,"posttest","skurned","skurnt","burnt","silly",0.673,"increase",0.733,"skurned",TRUE,"s6544"
"Female",1990,"posttest","dreeped","drept","kept","silly",0.673,"increase",0.441,"dreeped",TRUE,"s6544"
"Female",1990,"posttest","quinged","quang","sang","silly",0.673,"increase",0.53,"quang",FALSE,"s6544"
"Female",1990,"posttest","skelled","skelt","burnt","silly",0.673,"increase",0.584,"skelled",TRUE,"s6544"
"Female",1990,"posttest","skrined","skrone","drove","silly",0.673,"increase",0.599,"skrone",FALSE,"s6544"
"Female",1990,"posttest","sprided","sprode","drove","silly",0.673,"increase",0.347,"sprode",FALSE,"s6544"
"Female",1990,"posttest","slilled","slilt","burnt","silly",0.673,"increase",0.693,"slilled",TRUE,"s6544"
